_id,firstname,lastname,age,size,alive,timestamp,date_of_birth,licence_date,certificate_date,year_inserted,month_inserted,day_inserted,address_number,street_name,postcode,city,country
5f9a01a2091ff69f8d3fb25c,Gary,Acosta,100,179.97,true,1514086829,1972-12-29,03-7-2011,1991-04-07T08:27:13,2016,01,27,9545,Delgado Parkways,33468,Gilltown,Singapore
5f9a01a2091ff69f8d3fb25d,Haley,Herman,51,168.34,true,398677828,1995-12-19,12-24-1978,1985-09-25T21:58:21,2006,10,11,3069,Joseph Fork,12289,Mcneilhaven,Kenya
5f9a01a2091ff69f8d3fb25e,Gregory,Ruiz,104,199.25,false,853415966,1995-12-15,10-10-1980,1990-06-02T08:54:48,1992,10,1,9706,Willis Cliffs,97933,Perezmouth,Tokelau
5f9a01a2091ff69f8d3fb25f,David,White,5,165.7,true,945153041,2002-05-09,02-5-2013,2009-12-19T20:06:18,2016,06,18,98687,John Springs,20885,Rodriguezfurt,Pakistan
5f9a01a2091ff69f8d3fb260,Daniel,Christensen,41,198.9,true,914748080,2014-09-27,11-21-1988,1979-06-12T19:44:11,1984,08,8,761,Matthews Mountain,61985,Dannymouth,Tanzania
5f9a01a2091ff69f8d3fb261,Patricia,Manning,47,191.61,false,239671723,1985-03-08,06-2-2001,2005-11-09T05:27:11,2005,02,18,270,Garcia Divide,52188,Nicoleview,Congo
5f9a01a2091ff69f8d3fb262,Diana,Hughes,25,195.92,false,548342449,2005-04-15,10-8-1982,2005-01-11T20:00:57,1994,03,4,1562,Ashley Green,04985,Timstad,Cuba
5f9a01a2091ff69f8d3fb263,Joseph,Davis,58,173.89,false,695922991,1988-02-27,11-22-1994,1984-09-01T14:04:27,2001,10,24,26293,Roth Manors,50090,New Donnaton,British Virgin Islands
5f9a01a2091ff69f8d3fb264,Jo,Thomas,79,187.83,true,1139104325,1984-09-30,12-10-1991,1992-10-18T05:57:14,1972,04,3,939,Christine Way,44011,North Joseph,Fiji
5f9a01a2091ff69f8d3fb265,Danny,Mckay,77,174.39,true,1263762221,1999-06-23,04-18-1994,2017-09-18T23:26:10,1980,01,28,65247,Salazar Key,88638,North Roy,Lesotho
5f9a01a2091ff69f8d3fb266,Anthony,Butler,67,197.56,true,249630668,2004-07-03,02-30-1991,1986-12-25T14:05:35,2013,01,28,71378,Andrew Station,07915,Port Jason,Botswana
5f9a01a2091ff69f8d3fb267,Mary,Jackson,71,161.36,false,725371635,1974-03-04,01-6-1996,2016-11-07T05:51:23,2003,04,26,8537,Guzman Plains,30365,East Randy,Brazil
5f9a01a2091ff69f8d3fb268,Keith,Sandoval,54,170.19,false,1380390133,2019-03-17,04-3-1978,1986-02-01T10:12:27,2003,04,1,3388,Williams Squares,50619,North Tanyabury,Haiti
5f9a01a2091ff69f8d3fb269,Robert,Boyle,94,172.14,false,1013401069,1970-12-06,04-19-1979,1984-12-14T00:10:20,2001,02,11,5636,Stephanie Gardens,46337,West Dawnhaven,Mayotte
5f9a01a2091ff69f8d3fb26a,Chelsea,Stewart,23,185.97,true,1332811570,1997-10-20,05-10-1990,1995-06-14T19:43:35,1986,05,8,5081,Scott Forge,36073,Lake Wayne,Eritrea
5f9a01a2091ff69f8d3fb26b,Angelica,Underwood,3,198.82,true,1221673399,2007-10-27,12-9-1996,1990-11-04T20:16:40,2013,02,5,452,Hester Trafficway,37994,Bryanview,Northern Mariana Islands
5f9a01a2091ff69f8d3fb26c,Susan,Conway,81,158.35,true,424909394,1986-08-07,11-4-1996,1979-10-27T09:27:05,2006,11,3,67192,Eaton Estates,71278,Sherribury,Comoros
5f9a01a2091ff69f8d3fb26d,Dana,Wright,10,170.9,true,634811434,2010-11-16,08-1-1981,2002-08-20T10:55:16,1981,01,2,38854,Jeff Garden,30052,Stephanieberg,British Virgin Islands
5f9a01a2091ff69f8d3fb26e,Kenneth,Davis,6,161.15,true,700412848,2012-06-19,05-4-1988,2000-10-10T23:31:01,2005,07,26,4336,Theresa Motorway,54656,Stephanieborough,Comoros
5f9a01a2091ff69f8d3fb26f,Sandra,Armstrong,19,164.44,true,706493701,2013-01-31,04-29-1984,2020-03-18T00:50:17,2012,03,13,63382,Brown Lodge,98309,East Cynthiamouth,Venezuela
5f9a01a2091ff69f8d3fb270,Deanna,Morris,107,194.45,true,1356257690,1996-03-25,06-19-1982,2009-08-13T08:14:02,2005,03,12,3742,Gordon Islands,18930,New Jacqueline,Lithuania
5f9a01a2091ff69f8d3fb271,Andrew,Boone,11,165.77,false,417059306,2013-11-07,02-16-1987,2007-08-30T20:16:27,2018,01,2,5404,David Orchard,01308,Lake Lauraberg,British Indian Ocean Territory (Chagos Archipelago)
5f9a01a2091ff69f8d3fb272,Ariel,Campbell,6,164.94,true,1407016013,1989-06-26,12-21-2008,2000-10-02T12:00:29,1973,11,0,33994,Michael Island,27635,Jonesside,Liechtenstein
5f9a01a2091ff69f8d3fb273,Terry,Norman,76,193.41,true,1073186323,1994-02-03,03-19-2002,1981-10-17T18:19:33,1974,11,2,7120,Brian Mall,46511,Bradshawbury,Central African Republic
5f9a01a2091ff69f8d3fb274,Erica,Bennett,50,169.99,false,535147025,2002-03-11,07-16-2020,1986-08-17T20:40:58,1979,05,9,8234,Hogan Highway,12148,Kennedychester,Brazil
5f9a01a2091ff69f8d3fb275,Wendy,Hancock,102,152.51,true,756527863,1979-08-23,08-22-2000,1971-06-20T13:49:40,2013,07,9,306,Christine Plains,33305,Port Philip,Netherlands
5f9a01a2091ff69f8d3fb276,Laura,Barton,9,196.21,false,69762953,1974-07-15,12-10-1984,1992-12-16T01:00:52,1995,02,10,6399,Laura Roads,33465,New Kimberly,Saint Martin
5f9a01a2091ff69f8d3fb277,Laura,Mcgee,8,177.66,false,320746524,1979-12-15,09-13-1996,2008-03-11T21:44:28,1976,04,10,4921,Holly Gardens,28072,East Angelachester,Cocos (Keeling) Islands
5f9a01a2091ff69f8d3fb278,Stephanie,Vang,82,199.22,true,145928014,1998-08-27,01-8-1990,2004-09-07T11:14:17,1990,11,11,276,Lisa Stream,27426,West Felicia,Costa Rica
5f9a01a2091ff69f8d3fb279,Benjamin,Johnson,54,160.5,true,720929933,2007-04-15,12-27-1983,1987-02-17T23:50:18,2017,03,15,15109,Vanessa Views,90333,New Lorihaven,Palau
5f9a01a2091ff69f8d3fb27a,Diane,Jimenez,47,190.97,true,848472831,1986-11-04,12-4-2000,2010-08-16T08:27:16,2020,12,25,0072,Perez Road,02490,New Jesse,Ireland
5f9a01a2091ff69f8d3fb27b,George,Ortiz,71,150.37,true,1275074706,1976-11-25,09-16-1974,1974-06-29T04:18:55,1973,10,22,67680,Clark Burg,72656,Davidton,Tanzania
5f9a01a2091ff69f8d3fb27c,Steven,Walker,43,195.54,false,111952186,2013-02-27,09-18-1974,1976-01-15T20:54:18,2016,07,22,699,Jennifer Roads,08691,Edwardton,Jordan
5f9a01a2091ff69f8d3fb27d,Melissa,Craig,56,179.82,true,1041889205,1993-07-31,06-12-1995,2011-04-25T20:48:18,1991,06,25,008,Chris Club,63910,South Shellyhaven,Libyan Arab Jamahiriya
5f9a01a2091ff69f8d3fb27e,Angela,Jones,9,165.72,false,1230922160,2017-07-11,08-12-2005,2019-03-17T00:00:42,2013,06,6,349,Rogers Circle,44850,Bellton,Turks and Caicos Islands
5f9a01a2091ff69f8d3fb27f,Brian,Richards,46,160.2,true,1106839466,1983-10-21,01-30-2007,1995-04-06T12:44:38,2019,03,17,663,Scott Mission,07339,Gravesfurt,Philippines
5f9a01a2091ff69f8d3fb280,Nicole,Horn,31,154.9,false,1326090644,1976-08-12,07-11-1987,1986-06-19T17:08:41,1980,05,15,572,Cobb Ports,73578,Pattersonton,Burundi
5f9a01a2091ff69f8d3fb281,Bradley,Flores,4,180.6,true,737803262,1982-06-16,07-7-1984,1984-05-16T13:59:54,1993,01,20,57288,Kaitlyn Estates,82461,Mollychester,Slovenia
5f9a01a2091ff69f8d3fb282,Jason,Shaw,13,157.7,true,753946483,2001-04-04,03-25-1987,2005-03-07T02:26:03,2007,05,11,16244,Carrie Knoll,31197,Wrightton,Central African Republic
5f9a01a2091ff69f8d3fb283,Tyler,Jackson,43,180.49,false,261850073,1988-02-05,05-4-2014,1990-10-06T12:43:19,2015,07,21,03192,Gibson Flat,62483,East David,Saint Pierre and Miquelon
5f9a01a2091ff69f8d3fb284,Anna,Stephens,61,194.92,false,592647197,2013-11-18,06-13-1973,2006-09-02T00:17:19,1975,06,18,498,Kevin Divide,83805,Patelbury,Peru
5f9a01a2091ff69f8d3fb285,Timothy,Acevedo,24,185.37,true,311799940,1997-11-17,02-7-1973,2008-08-16T01:54:49,2002,12,19,8626,Thomas Ramp,53398,Johnsonmouth,Algeria
5f9a01a2091ff69f8d3fb286,Anthony,Christensen,15,188.12,false,401998210,1975-12-12,02-5-2019,2007-11-17T12:05:09,2013,12,25,48287,Kevin Rest,98916,Stonehaven,Jordan
5f9a01a2091ff69f8d3fb287,Keith,Wright,13,157.35,true,1367053860,1974-07-14,07-31-1995,1986-02-23T17:37:52,1983,03,16,685,Duncan Roads,50280,East Jessicaburgh,Micronesia
5f9a01a2091ff69f8d3fb288,Daniel,Berry,28,167.28,false,119309247,1983-07-05,02-3-1997,2017-12-24T13:25:47,2009,06,25,4964,Darren Harbor,01240,Port Kevinhaven,Palestinian Territory
5f9a01a2091ff69f8d3fb289,Douglas,Potts,47,185.81,false,1474526720,2000-12-21,01-15-1983,1978-03-11T02:24:30,1985,09,12,5819,Cory Lake,97239,South Elaineburgh,Argentina
5f9a01a2091ff69f8d3fb28a,Lauren,Mooney,29,181.57,false,603666303,1997-01-13,08-16-1982,1976-12-05T09:14:00,1994,03,11,0677,Henderson Road,17430,Whitetown,Russian Federation
5f9a01a2091ff69f8d3fb28b,Natalie,Drake,17,167.52,false,577352559,2002-03-27,02-17-1996,2019-03-25T04:06:26,1991,10,16,38240,Joshua Hills,97855,Kristopherfurt,Sao Tome and Principe
5f9a01a2091ff69f8d3fb28c,Heather,Sims,20,192.75,false,766513968,1977-04-26,05-16-1978,2003-05-12T19:30:01,1990,10,4,7311,Ward Brooks,44969,South Frank,Georgia
5f9a01a2091ff69f8d3fb28d,Christy,Guerra,44,178.11,false,578800456,2004-06-28,10-26-1990,1992-11-26T03:29:39,2000,04,24,75099,Lee Passage,59428,East Michelleview,Botswana
5f9a01a2091ff69f8d3fb28e,Kimberly,Hull,38,179.45,false,423722064,1995-07-11,07-13-1971,1986-08-27T08:57:37,2009,10,22,36322,Ian Light,78554,South Jenniferberg,Poland
5f9a01a2091ff69f8d3fb28f,Mark,Hoffman,12,198.87,true,1065883615,1991-08-20,12-27-1984,2010-12-27T18:27:15,1971,04,16,1745,Tony Ports,27580,Kristenside,Dominican Republic
5f9a01a2091ff69f8d3fb290,Michael,Campbell,104,167.57,false,867585924,1999-08-22,09-20-2001,2005-07-14T02:15:50,1982,11,21,0781,Jones Meadows,07835,Port Stephanieton,Seychelles
5f9a01a2091ff69f8d3fb291,Angela,Ware,48,160.28,true,839806549,2020-07-06,07-3-1992,1992-08-05T13:00:55,2007,09,18,0964,Smith Junctions,46540,Port Jeffreyhaven,Namibia
5f9a01a2091ff69f8d3fb292,Joshua,Good,13,178.71,true,1226758633,1996-11-28,02-24-1982,1992-09-18T02:49:35,1995,06,20,9440,Watson Forks,89844,Danieltown,Qatar
5f9a01a2091ff69f8d3fb293,Kathleen,Martinez,105,175.24,false,1057714391,1992-04-15,02-2-2018,1997-01-04T00:22:17,1983,02,10,913,Mackenzie Spring,11094,Pachecohaven,Germany
5f9a01a2091ff69f8d3fb294,Stacy,Rodriguez,80,161.22,true,1148273830,1999-10-04,06-6-2014,1998-10-05T08:13:23,2000,05,9,56953,Wallace Knolls,80614,Lake Jamestown,Suriname
5f9a01a2091ff69f8d3fb295,Jeffrey,Bush,41,174.79,false,1364608736,1983-02-26,04-21-1985,2020-04-11T11:05:35,2010,10,22,59098,Steven Corner,72712,South Aaronborough,Brazil
5f9a01a2091ff69f8d3fb296,James,Leonard,93,171.4,false,786251457,1987-04-13,11-29-1996,1983-01-29T14:09:14,1987,06,24,2198,Michael Causeway,05919,West Robert,Bulgaria
5f9a01a2091ff69f8d3fb297,Tiffany,Clark,45,159.6,false,1442996514,1989-09-18,11-24-1997,2007-08-05T22:46:15,1973,09,7,23212,Ryan Mill,94122,West Danielstad,Israel
5f9a01a2091ff69f8d3fb298,Katherine,Pugh,34,156.63,false,432766928,1986-02-20,02-14-1988,1991-01-15T12:02:41,1981,09,0,891,Riley Extension,34018,North David,Venezuela
5f9a01a2091ff69f8d3fb299,Dana,Butler,27,150.82,false,737301390,1998-03-26,04-12-1985,1986-10-04T18:48:28,2016,12,19,24174,Hill Stream,88090,Francomouth,Micronesia
5f9a01a2091ff69f8d3fb29a,Jack,Keller,102,154.44,true,664994072,1973-09-20,11-2-1981,1986-10-03T01:06:40,2012,08,28,0119,Belinda Parkways,11852,Tiffanyborough,Myanmar
5f9a01a2091ff69f8d3fb29b,Peter,Malone,57,197.58,false,650747752,1985-06-19,09-16-2004,1987-09-25T17:38:46,1979,07,26,559,April Brooks,33383,East Alexandra,Isle of Man
5f9a01a2091ff69f8d3fb29c,Cynthia,Sweeney,47,179.76,true,183646433,1986-04-04,09-29-1985,2009-03-29T08:28:01,2017,04,5,39877,Mendoza Crest,03715,South William,Egypt
5f9a01a2091ff69f8d3fb29d,Ruben,Smith,60,174.14,true,216353065,1972-02-07,08-22-1984,1976-09-28T01:45:36,1982,07,20,2940,Ray Wall,79793,Lake Julie,Montserrat
5f9a01a2091ff69f8d3fb29e,Adrienne,Miller,101,184.27,false,905074039,1974-11-11,08-15-1997,1992-09-19T21:30:32,2003,12,15,541,William Port,02313,Aaronview,French Guiana
5f9a01a2091ff69f8d3fb29f,Alicia,Morrison,48,163.8,false,1469556121,1990-10-11,12-1-2014,1998-12-21T21:24:55,1978,09,12,294,Jessica Isle,96358,East Craigchester,Tanzania
5f9a01a2091ff69f8d3fb2a0,Matthew,Edwards,55,185.25,true,384371025,2004-07-11,12-2-1996,2005-05-26T08:44:09,1989,03,2,523,Richardson Shore,06787,West Christinamouth,Wallis and Futuna
5f9a01a2091ff69f8d3fb2a1,Tiffany,Harris,52,174.75,true,1567320414,2003-04-19,03-14-2001,1971-02-17T06:38:47,1977,09,0,6621,Deborah Street,41792,East Stephenside,Korea
5f9a01a2091ff69f8d3fb2a2,Mary,Baker,67,158.44,true,1356881776,1992-05-07,01-24-1992,2009-10-29T09:59:25,1991,04,6,78680,Patterson Springs,96449,Jessicamouth,Aruba
5f9a01a2091ff69f8d3fb2a3,Kelsey,Cortez,19,152.71,true,1506332652,1976-10-06,08-6-2016,2008-06-06T20:24:12,1999,04,0,6721,Jonathan Vista,50342,New Wendyshire,Vietnam
5f9a01a2091ff69f8d3fb2a4,Brianna,Lewis,50,179.18,true,140416783,1998-07-05,05-4-2018,1999-07-07T16:16:03,2003,03,5,45477,Christy Motorway,73190,Jaimestad,Ecuador
5f9a01a2091ff69f8d3fb2a5,John,Ingram,76,152.55,false,1111152751,2017-04-11,09-31-1972,1996-09-30T19:06:44,1988,12,14,521,Mcneil Dale,54329,North Keithside,Cocos (Keeling) Islands
5f9a01a2091ff69f8d3fb2a6,Brandy,Byrd,80,161.68,true,114241082,1974-02-14,05-2-2019,1971-02-14T01:12:46,2017,08,22,09842,Grimes Course,89098,North Robert,Russian Federation
5f9a01a2091ff69f8d3fb2a7,Drew,Smith,67,160.11,true,732369847,1989-11-10,09-9-2011,1994-11-25T13:05:41,2010,05,27,077,Barnes Trail,35617,South Jacobfort,New Caledonia
5f9a01a2091ff69f8d3fb2a8,James,Dorsey,105,194.52,false,633538300,1980-09-21,01-25-2001,1989-04-30T19:00:33,2009,05,4,661,Marissa Lake,24985,West Jeffreyfort,Egypt
5f9a01a2091ff69f8d3fb2a9,Donald,Campos,42,197.26,false,939836923,2003-05-26,04-27-1999,2001-05-25T21:27:58,2020,10,26,4848,James Crossing,35308,South Amandabury,Italy
5f9a01a2091ff69f8d3fb2aa,Joseph,Crawford,99,159.3,false,595176398,2015-10-17,06-13-2019,1991-02-21T14:17:17,2003,03,17,64195,Ann Pass,49683,Nicholasville,Mauritania
5f9a01a2091ff69f8d3fb2ab,Micheal,Nguyen,42,177.57,true,901771040,1976-10-20,01-8-2018,2009-05-05T07:14:20,2014,10,18,34953,Graham Lights,73241,West Alexisshire,Tajikistan
5f9a01a2091ff69f8d3fb2ac,Aaron,Patton,23,164.68,true,997525213,1999-08-16,12-21-1999,1979-05-18T23:13:10,1986,12,26,79692,Erin Garden,64382,Port Amberview,Ecuador
5f9a01a2091ff69f8d3fb2ad,Kylie,Clarke,27,189.47,false,391467814,2009-01-06,11-15-1975,1995-07-13T04:25:07,1991,07,20,42670,Anita Roads,17618,Stewartfort,United Kingdom
5f9a01a2091ff69f8d3fb2ae,Joseph,Gregory,95,158.33,false,1514162171,1974-03-01,09-31-2009,1989-12-01T16:40:36,1987,06,2,18912,Mary Run,67781,New Jeremymouth,Myanmar
5f9a01a2091ff69f8d3fb2af,Peter,Leonard,1,169.61,true,758389982,1979-11-11,10-17-2010,1982-01-06T11:25:20,2006,09,4,84049,Walter Lodge,44497,Davidfurt,Romania
5f9a01a2091ff69f8d3fb2b0,Christopher,White,107,150.44,true,606119935,2011-04-20,03-30-2002,1970-08-31T20:05:13,2003,07,13,4674,French Mission,45427,South Traciberg,Macedonia
5f9a01a2091ff69f8d3fb2b1,Rachel,Ford,106,183.65,false,556320293,2018-04-18,08-25-2006,2003-06-20T09:46:39,1989,10,26,4139,Garrett Greens,88277,Smithchester,South Africa
5f9a01a2091ff69f8d3fb2b2,Andrew,Garcia,20,153.39,true,1531293313,1971-07-13,06-6-1995,1979-10-01T01:32:00,2018,02,24,315,Hunt Pine,64576,Blackburnstad,Bermuda
5f9a01a2091ff69f8d3fb2b3,Denise,Alexander,45,179.28,false,1275343815,2001-12-05,06-19-2014,1970-12-02T11:46:08,2019,05,0,12513,Lee Plaza,65465,Lake Heather,Guam
5f9a01a2091ff69f8d3fb2b4,Dana,Murray,83,184.66,false,351090781,2009-03-22,07-24-1970,1987-06-22T03:01:43,1984,02,24,6001,Tucker Courts,38139,Lake Michelleside,Saint Vincent and the Grenadines
5f9a01a2091ff69f8d3fb2b5,Nicholas,Brown,54,170.47,true,1042872428,1978-01-10,06-19-1974,2004-03-25T22:12:33,1993,03,25,280,Davis Gateway,64468,South Oliviabury,Netherlands Antilles
5f9a01a2091ff69f8d3fb2b6,Nicole,Carter,78,163.65,true,996899140,1986-04-18,09-18-2007,2016-10-19T12:42:01,1971,05,26,8822,Natalie Way,42956,West Johnhaven,Puerto Rico
5f9a01a2091ff69f8d3fb2b7,Deborah,Serrano,42,180.24,true,520344166,2013-08-03,03-27-1981,2014-03-05T10:38:14,1992,08,26,262,Jennifer Fort,58219,Michaelville,Slovenia
5f9a01a2091ff69f8d3fb2b8,Jesse,Davis,94,159.86,false,1355965719,1993-05-07,10-24-1976,2005-09-23T08:06:04,1973,02,24,2735,Deborah Street,08793,Lake Angelaburgh,Dominican Republic
5f9a01a2091ff69f8d3fb2b9,Megan,Pitts,89,185.55,false,968168079,1991-05-23,04-29-1987,2008-07-30T01:22:53,2009,02,27,63965,Thomas Shoal,34014,Robertsonview,Chad
5f9a01a2091ff69f8d3fb2ba,Marcia,Johnson,52,176.6,false,757869235,1977-08-09,09-22-1978,1978-10-24T17:11:58,1998,02,1,0681,Gloria Glen,27878,North Diane,Guam
5f9a01a2091ff69f8d3fb2bb,Kenneth,Serrano,74,190.73,true,866658957,1996-12-08,10-30-2019,1990-08-31T12:13:17,1971,01,4,1660,Cox Knoll,74694,Jasonberg,French Polynesia
5f9a01a2091ff69f8d3fb2bc,Laurie,Vaughan,100,187.14,true,1239384376,2014-12-24,02-26-2003,1971-02-07T22:22:24,1975,11,23,512,Howard Track,21086,Sethbury,Guinea-Bissau
5f9a01a2091ff69f8d3fb2bd,Michael,Stephens,13,182.38,true,1218318882,1982-08-26,08-13-1973,2013-07-17T03:59:49,1987,03,6,146,Karen Pines,58352,Lake David,Netherlands
5f9a01a2091ff69f8d3fb2be,Alexandra,Perez,53,188.35,true,780790108,1984-04-03,03-18-2010,1978-05-22T16:33:37,1987,06,15,906,Torres Row,79777,Singhside,Lebanon
5f9a01a2091ff69f8d3fb2bf,Christopher,Stephenson,77,184.97,false,388256852,2010-12-31,03-4-1980,1986-05-13T10:47:58,1994,03,27,3764,Chad Track,94600,Garciastad,Nicaragua
